<?xml version="1.0" encoding="UTF-8"?><InteractionHistory Id="activity" Version="1"><InteractionEvent Delta="started" EndDate="2008-07-02 19:39:08.683 BRT" Interest="1.0" Kind="attention" Navigation="" OriginId="org.eclipse.ui.workbench" StartDate="2008-07-02 19:39:08.683 BRT" StructureHandle="org.eclipse.platform.ide" StructureKind="lifecycle"/><InteractionEvent Delta="stopped" EndDate="2008-07-02 20:54:41.784 BRT" Interest="1.0" Kind="attention" Navigation="" OriginId="org.eclipse.ui.workbench" StartDate="2008-07-02 20:54:41.784 BRT" StructureHandle="org.eclipse.platform.ide" StructureKind="lifecycle"/><InteractionEvent Delta="started" EndDate="2008-07-03 13:38:34.776 BRT" Interest="1.0" Kind="attention" Navigation="" OriginId="org.eclipse.ui.workbench" StartDate="2008-07-03 13:38:34.776 BRT" StructureHandle="org.eclipse.platform.ide" StructureKind="lifecycle"/><InteractionEvent Delta="stopped" EndDate="2008-07-03 13:44:10.727 BRT" Interest="1.0" Kind="attention" Navigation="" OriginId="org.eclipse.ui.workbench" StartDate="2008-07-03 13:44:10.727 BRT" StructureHandle="org.eclipse.platform.ide" StructureKind="lifecycle"/><InteractionEvent Delta="started" EndDate="2008-07-03 16:18:33.147 BRT" Interest="1.0" Kind="attention" Navigation="" OriginId="org.eclipse.ui.workbench" StartDate="2008-07-03 16:18:33.147 BRT" StructureHandle="org.eclipse.platform.ide" StructureKind="lifecycle"/><InteractionEvent Delta="stopped" EndDate="2008-07-03 16:19:37.797 BRT" Interest="1.0" Kind="attention" Navigation="" OriginId="org.eclipse.ui.workbench" StartDate="2008-07-03 16:19:37.797 BRT" StructureHandle="org.eclipse.platform.ide" StructureKind="lifecycle"/><InteractionEvent Delta="started" EndDate="2008-07-03 19:09:08.73 BRT" Interest="1.0" Kind="attention" Navigation="" OriginId="org.eclipse.ui.workbench" StartDate="2008-07-03 19:09:08.73 BRT" StructureHandle="org.eclipse.platform.ide" StructureKind="lifecycle"/><InteractionEvent Delta="stopped" EndDate="2008-07-03 19:13:01.595 BRT" Interest="1.0" Kind="attention" Navigation="" OriginId="org.eclipse.ui.workbench" StartDate="2008-07-03 19:13:01.595 BRT" StructureHandle="org.eclipse.platform.ide" StructureKind="lifecycle"/><InteractionEvent Delta="stopped" EndDate="2008-07-03 19:15:28.567 BRT" Interest="1.0" Kind="attention" Navigation="" OriginId="org.eclipse.ui.workbench" StartDate="2008-07-03 19:15:28.567 BRT" StructureHandle="org.eclipse.platform.ide" StructureKind="lifecycle"/><InteractionEvent Delta="started" EndDate="2008-07-03 19:16:44.482 BRT" Interest="1.0" Kind="attention" Navigation="" OriginId="org.eclipse.ui.workbench" StartDate="2008-07-03 19:16:44.482 BRT" StructureHandle="org.eclipse.platform.ide" StructureKind="lifecycle"/><InteractionEvent Delta="stopped" EndDate="2008-07-03 19:19:22.792 BRT" Interest="1.0" Kind="attention" Navigation="" OriginId="org.eclipse.ui.workbench" StartDate="2008-07-03 19:19:22.792 BRT" StructureHandle="org.eclipse.platform.ide" StructureKind="lifecycle"/><InteractionEvent Delta="started" EndDate="2008-07-03 19:44:29.388 BRT" Interest="1.0" Kind="attention" Navigation="" OriginId="org.eclipse.ui.workbench" StartDate="2008-07-03 19:44:29.388 BRT" StructureHandle="org.eclipse.platform.ide" StructureKind="lifecycle"/><InteractionEvent Delta="stopped" EndDate="2008-07-03 19:47:26.27 BRT" Interest="1.0" Kind="attention" Navigation="" OriginId="org.eclipse.ui.workbench" StartDate="2008-07-03 19:47:26.27 BRT" StructureHandle="org.eclipse.platform.ide" StructureKind="lifecycle"/><InteractionEvent Delta="started" EndDate="2008-07-03 19:50:46.487 BRT" Interest="1.0" Kind="attention" Navigation="" OriginId="org.eclipse.ui.workbench" StartDate="2008-07-03 19:50:46.487 BRT" StructureHandle="org.eclipse.platform.ide" StructureKind="lifecycle"/><InteractionEvent Delta="stopped" EndDate="2008-07-03 19:52:12.900 BRT" Interest="1.0" Kind="attention" Navigation="" OriginId="org.eclipse.ui.workbench" StartDate="2008-07-03 19:52:12.900 BRT" StructureHandle="org.eclipse.platform.ide" StructureKind="lifecycle"/><InteractionEvent Delta="started" EndDate="2008-07-03 20:03:14.178 BRT" Interest="1.0" Kind="attention" Navigation="" OriginId="org.eclipse.ui.workbench" StartDate="2008-07-03 20:03:14.178 BRT" StructureHandle="org.eclipse.platform.ide" StructureKind="lifecycle"/><InteractionEvent Delta="stopped" EndDate="2008-07-03 21:16:50.937 BRT" Interest="1.0" Kind="attention" Navigation="" OriginId="org.eclipse.ui.workbench" StartDate="2008-07-03 21:16:50.937 BRT" StructureHandle="org.eclipse.platform.ide" StructureKind="lifecycle"/><InteractionEvent Delta="stopped" EndDate="2008-07-03 21:17:04.891 BRT" Interest="1.0" Kind="attention" Navigation="" OriginId="org.eclipse.ui.workbench" StartDate="2008-07-03 21:17:04.891 BRT" StructureHandle="org.eclipse.platform.ide" StructureKind="lifecycle"/></InteractionHistory>